park,team,source_year,spray_zone5,fence_distance_ft,fence_height_ft,distance_source_column,height_source_column,value_method,height_status,usable_for_hr_detector,source_name,source_url,notes
American Family Field,MIL,2025,left_line,344.0,8.0,LF_Dim,LF_W,source_column,available,yes,Seamheads Ballparks Database,https://www.seamheads.com/ballparks/ballpark.php?parkID=MIL06,
American Family Field,MIL,2025,left_gap,382.0,8.0,LCF_Dim,LC_W,direct_or_fallback_source_column,available,yes,Seamheads Ballparks Database,https://www.seamheads.com/ballparks/ballpark.php?parkID=MIL06,
American Family Field,MIL,2025,center,400.0,8.0,CF_Dim,CF_W,source_column,available,yes,Seamheads Ballparks Database,https://www.seamheads.com/ballparks/ballpark.php?parkID=MIL06,
American Family Field,MIL,2025,right_gap,383.0,8.0,RCF_Dim,RC_W,direct_or_fallback_source_column,available,yes,Seamheads Ballparks Database,https://www.seamheads.com/ballparks/ballpark.php?parkID=MIL06,
American Family Field,MIL,2025,right_line,345.0,6.0,RF_Dim,RF_W,source_column,available,yes,Seamheads Ballparks Database,https://www.seamheads.com/ballparks/ballpark.php?parkID=MIL06,
Angel Stadium,LAA,2025,left_line,330.0,5.0,LF_Dim,LF_W,source_column,available,yes,Seamheads Ballparks Database,https://www.seamheads.com/ballparks/ballpark.php?parkID=ANA01,
Angel Stadium,LAA,2025,left_gap,390.0,8.0,LCF_Dim,LC_W,direct_or_fallback_source_column,available,yes,Seamheads Ballparks Database,https://www.seamheads.com/ballparks/ballpark.php?parkID=ANA01,
Angel Stadium,LAA,2025,center,396.0,8.0,CF_Dim,CF_W,source_column,available,yes,Seamheads Ballparks Database,https://www.seamheads.com/ballparks/ballpark.php?parkID=ANA01,
Angel Stadium,LAA,2025,right_gap,375.0,8.0,RCF_Dim,RC_W,direct_or_fallback_source_column,available,yes,Seamheads Ballparks Database,https://www.seamheads.com/ballparks/ballpark.php?parkID=ANA01,
Angel Stadium,LAA,2025,right_line,330.0,5.0,RF_Dim,RF_W,source_column,available,yes,Seamheads Ballparks Database,https://www.seamheads.com/ballparks/ballpark.php?parkID=ANA01,
Busch Stadium,STL,2025,left_line,336.0,8.0,LF_Dim,LF_W,source_column,available,yes,Seamheads Ballparks Database,https://www.seamheads.com/ballparks/ballpark.php?parkID=STL10,
Busch Stadium,STL,2025,left_gap,396.0,8.0,LCF_Dim,LC_W,direct_or_fallback_source_column,available,yes,Seamheads Ballparks Database,https://www.seamheads.com/ballparks/ballpark.php?parkID=STL10,
Busch Stadium,STL,2025,center,400.0,8.0,CF_Dim,CF_W,source_column,available,yes,Seamheads Ballparks Database,https://www.seamheads.com/ballparks/ballpark.php?parkID=STL10,
Busch Stadium,STL,2025,right_gap,396.0,8.0,RCF_Dim,RC_W,direct_or_fallback_source_column,available,yes,Seamheads Ballparks Database,https://www.seamheads.com/ballparks/ballpark.php?parkID=STL10,
Busch Stadium,STL,2025,right_line,335.0,8.0,RF_Dim,RF_W,source_column,available,yes,Seamheads Ballparks Database,https://www.seamheads.com/ballparks/ballpark.php?parkID=STL10,
Chase Field,ARI,2025,left_line,328.0,8.0,LF_Dim,LF_W,source_column,available,yes,Seamheads Ballparks Database,https://www.seamheads.com/ballparks/ballpark.php?parkID=PHO01,LCF/RCF distance unavailable in source; gap uses LFA/RFA.
Chase Field,ARI,2025,left_gap,376.0,8.0,LFA_Dim,LC_W,direct_or_fallback_source_column,available,yes,Seamheads Ballparks Database,https://www.seamheads.com/ballparks/ballpark.php?parkID=PHO01,LCF/RCF distance unavailable in source; gap uses LFA/RFA.
Chase Field,ARI,2025,center,407.0,25.0,CF_Dim,CF_W,source_column,available,yes,Seamheads Ballparks Database,https://www.seamheads.com/ballparks/ballpark.php?parkID=PHO01,LCF/RCF distance unavailable in source; gap uses LFA/RFA.
Chase Field,ARI,2025,right_gap,376.0,8.0,RFA_Dim,RC_W,direct_or_fallback_source_column,available,yes,Seamheads Ballparks Database,https://www.seamheads.com/ballparks/ballpark.php?parkID=PHO01,LCF/RCF distance unavailable in source; gap uses LFA/RFA.
Chase Field,ARI,2025,right_line,335.0,8.0,RF_Dim,RF_W,source_column,available,yes,Seamheads Ballparks Database,https://www.seamheads.com/ballparks/ballpark.php?parkID=PHO01,LCF/RCF distance unavailable in source; gap uses LFA/RFA.
Citizens Bank Park,PHI,2025,left_line,329.0,11.0,LF_Dim,LF_W,source_column,available,yes,Seamheads Ballparks Database,https://www.seamheads.com/ballparks/ballpark.php?parkID=PHI13,
Citizens Bank Park,PHI,2025,left_gap,385.0,11.0,LCF_Dim,LC_W,direct_or_fallback_source_column,available,yes,Seamheads Ballparks Database,https://www.seamheads.com/ballparks/ballpark.php?parkID=PHI13,
Citizens Bank Park,PHI,2025,center,401.0,6.0,CF_Dim,CF_W,source_column,available,yes,Seamheads Ballparks Database,https://www.seamheads.com/ballparks/ballpark.php?parkID=PHI13,
Citizens Bank Park,PHI,2025,right_gap,381.0,13.0,RCF_Dim,RC_W,direct_or_fallback_source_column,available,yes,Seamheads Ballparks Database,https://www.seamheads.com/ballparks/ballpark.php?parkID=PHI13,
Citizens Bank Park,PHI,2025,right_line,330.0,13.0,RF_Dim,RF_W,source_column,available,yes,Seamheads Ballparks Database,https://www.seamheads.com/ballparks/ballpark.php?parkID=PHI13,
Citi Field,NYM,2025,left_line,331.0,8.0,LF_Dim,LF_W,source_column,available,yes,Seamheads Ballparks Database,https://www.seamheads.com/ballparks/ballpark.php?parkID=NYC20,
Citi Field,NYM,2025,left_gap,373.0,8.0,LCF_Dim,LC_W,direct_or_fallback_source_column,available,yes,Seamheads Ballparks Database,https://www.seamheads.com/ballparks/ballpark.php?parkID=NYC20,
Citi Field,NYM,2025,center,408.0,11.0,CF_Dim,CF_W,source_column,available,yes,Seamheads Ballparks Database,https://www.seamheads.com/ballparks/ballpark.php?parkID=NYC20,
Citi Field,NYM,2025,right_gap,384.0,18.0,RCF_Dim,RC_W,direct_or_fallback_source_column,available,yes,Seamheads Ballparks Database,https://www.seamheads.com/ballparks/ballpark.php?parkID=NYC20,
Citi Field,NYM,2025,right_line,330.0,8.0,RF_Dim,RF_W,source_column,available,yes,Seamheads Ballparks Database,https://www.seamheads.com/ballparks/ballpark.php?parkID=NYC20,
Comerica Park,DET,2025,left_line,345.0,6.0,LF_Dim,LF_W,source_column,available,yes,Seamheads Ballparks Database,https://www.seamheads.com/ballparks/ballpark.php?parkID=DET05,
Comerica Park,DET,2025,left_gap,398.0,8.5,LCF_Dim,LC_W,direct_or_fallback_source_column,available,yes,Seamheads Ballparks Database,https://www.seamheads.com/ballparks/ballpark.php?parkID=DET05,
Comerica Park,DET,2025,center,420.0,8.0,CF_Dim,CF_W,source_column,available,yes,Seamheads Ballparks Database,https://www.seamheads.com/ballparks/ballpark.php?parkID=DET05,
Comerica Park,DET,2025,right_gap,403.0,14.0,RCF_Dim,RC_W,direct_or_fallback_source_column,available,yes,Seamheads Ballparks Database,https://www.seamheads.com/ballparks/ballpark.php?parkID=DET05,
Comerica Park,DET,2025,right_line,330.0,8.0,RF_Dim,RF_W,source_column,available,yes,Seamheads Ballparks Database,https://www.seamheads.com/ballparks/ballpark.php?parkID=DET05,
Daikin Park,HOU,2025,left_line,315.0,21.0,LF_Dim,LF_W,source_column,available,yes,Seamheads Ballparks Database,https://www.seamheads.com/ballparks/ballpark.php?parkID=HOU03,Seamheads page name is Minute Maid Park; current naming in app can be Daikin Park.
Daikin Park,HOU,2025,left_gap,390.0,25.0,LCF_Dim,LC_W,direct_or_fallback_source_column,available,yes,Seamheads Ballparks Database,https://www.seamheads.com/ballparks/ballpark.php?parkID=HOU03,Seamheads page name is Minute Maid Park; current naming in app can be Daikin Park.
Daikin Park,HOU,2025,center,409.0,9.0,CF_Dim,CF_W,source_column,available,yes,Seamheads Ballparks Database,https://www.seamheads.com/ballparks/ballpark.php?parkID=HOU03,Seamheads page name is Minute Maid Park; current naming in app can be Daikin Park.
Daikin Park,HOU,2025,right_gap,397.0,9.0,RCF_Dim,RC_W,direct_or_fallback_source_column,available,yes,Seamheads Ballparks Database,https://www.seamheads.com/ballparks/ballpark.php?parkID=HOU03,Seamheads page name is Minute Maid Park; current naming in app can be Daikin Park.
Daikin Park,HOU,2025,right_line,326.0,7.0,RF_Dim,RF_W,source_column,available,yes,Seamheads Ballparks Database,https://www.seamheads.com/ballparks/ballpark.php?parkID=HOU03,Seamheads page name is Minute Maid Park; current naming in app can be Daikin Park.
Dodger Stadium,LAD,2025,left_line,330.0,4.0,LF_Dim,LF_W,source_column,available,yes,Seamheads Ballparks Database,https://www.seamheads.com/ballparks/ballpark.php?parkID=LOS03,
Dodger Stadium,LAD,2025,left_gap,385.0,8.0,LCF_Dim,LC_W,direct_or_fallback_source_column,available,yes,Seamheads Ballparks Database,https://www.seamheads.com/ballparks/ballpark.php?parkID=LOS03,
Dodger Stadium,LAD,2025,center,400.0,8.0,CF_Dim,CF_W,source_column,available,yes,Seamheads Ballparks Database,https://www.seamheads.com/ballparks/ballpark.php?parkID=LOS03,
Dodger Stadium,LAD,2025,right_gap,385.0,8.0,RCF_Dim,RC_W,direct_or_fallback_source_column,available,yes,Seamheads Ballparks Database,https://www.seamheads.com/ballparks/ballpark.php?parkID=LOS03,
Dodger Stadium,LAD,2025,right_line,330.0,4.0,RF_Dim,RF_W,source_column,available,yes,Seamheads Ballparks Database,https://www.seamheads.com/ballparks/ballpark.php?parkID=LOS03,
Fenway Park,BOS,2025,left_line,310.0,37.0,LF_Dim,LF_W,source_column,available,yes,Seamheads Ballparks Database,https://www.seamheads.com/ballparks/ballpark.php?parkID=BOS07,
Fenway Park,BOS,2025,left_gap,379.0,18.0,LCF_Dim,LC_W,direct_or_fallback_source_column,available,yes,Seamheads Ballparks Database,https://www.seamheads.com/ballparks/ballpark.php?parkID=BOS07,
Fenway Park,BOS,2025,center,390.0,9.0,CF_Dim,CF_W,source_column,available,yes,Seamheads Ballparks Database,https://www.seamheads.com/ballparks/ballpark.php?parkID=BOS07,
Fenway Park,BOS,2025,right_gap,383.0,5.0,RCF_Dim,RC_W,direct_or_fallback_source_column,available,yes,Seamheads Ballparks Database,https://www.seamheads.com/ballparks/ballpark.php?parkID=BOS07,
Fenway Park,BOS,2025,right_line,302.0,3.0,RF_Dim,RF_W,source_column,available,yes,Seamheads Ballparks Database,https://www.seamheads.com/ballparks/ballpark.php?parkID=BOS07,
Globe Life Field,TEX,2025,left_line,329.0,8.0,LF_Dim,LF_W,source_column,available,yes,Seamheads Ballparks Database,https://www.seamheads.com/ballparks/ballpark.php?parkID=ARL03,LCF/RCF distance unavailable in source; gap uses LFA/RFA.
Globe Life Field,TEX,2025,left_gap,372.0,8.0,LFA_Dim,LC_W,direct_or_fallback_source_column,available,yes,Seamheads Ballparks Database,https://www.seamheads.com/ballparks/ballpark.php?parkID=ARL03,LCF/RCF distance unavailable in source; gap uses LFA/RFA.
Globe Life Field,TEX,2025,center,407.0,8.0,CF_Dim,CF_W,source_column,available,yes,Seamheads Ballparks Database,https://www.seamheads.com/ballparks/ballpark.php?parkID=ARL03,LCF/RCF distance unavailable in source; gap uses LFA/RFA.
Globe Life Field,TEX,2025,right_gap,374.0,8.0,RFA_Dim,RC_W,direct_or_fallback_source_column,available,yes,Seamheads Ballparks Database,https://www.seamheads.com/ballparks/ballpark.php?parkID=ARL03,LCF/RCF distance unavailable in source; gap uses LFA/RFA.
Globe Life Field,TEX,2025,right_line,326.0,8.0,RF_Dim,RF_W,source_column,available,yes,Seamheads Ballparks Database,https://www.seamheads.com/ballparks/ballpark.php?parkID=ARL03,LCF/RCF distance unavailable in source; gap uses LFA/RFA.
Great American Ball Park,CIN,2025,left_line,328.0,12.0,LF_Dim,LF_W,source_column,available,yes,Seamheads Ballparks Database,https://www.seamheads.com/ballparks/ballpark.php?parkID=CIN09,
Great American Ball Park,CIN,2025,left_gap,379.0,12.0,LCF_Dim,LC_W,direct_or_fallback_source_column,available,yes,Seamheads Ballparks Database,https://www.seamheads.com/ballparks/ballpark.php?parkID=CIN09,
Great American Ball Park,CIN,2025,center,404.0,8.0,CF_Dim,CF_W,source_column,available,yes,Seamheads Ballparks Database,https://www.seamheads.com/ballparks/ballpark.php?parkID=CIN09,
Great American Ball Park,CIN,2025,right_gap,370.0,8.0,RCF_Dim,RC_W,direct_or_fallback_source_column,available,yes,Seamheads Ballparks Database,https://www.seamheads.com/ballparks/ballpark.php?parkID=CIN09,
Great American Ball Park,CIN,2025,right_line,325.0,8.0,RF_Dim,RF_W,source_column,available,yes,Seamheads Ballparks Database,https://www.seamheads.com/ballparks/ballpark.php?parkID=CIN09,
Kauffman Stadium,KC,2026,left_line,347.0,8.5,LF_Dim,LF_W,source_column,available,yes,MLB.com Royals fence-change announcement,https://www.mlb.com/news/royals-moving-outfield-walls-at-kauffman-stadium,2026 update. MLB.com says wall height is 8.5 ft in most places; segment heights approximated uniformly at 8.5.
Kauffman Stadium,KC,2026,left_gap,379.0,8.5,LCF_Dim,LC_W,direct_or_fallback_source_column,available,yes,MLB.com Royals fence-change announcement,https://www.mlb.com/news/royals-moving-outfield-walls-at-kauffman-stadium,2026 update. MLB.com says wall height is 8.5 ft in most places; segment heights approximated uniformly at 8.5.
Kauffman Stadium,KC,2026,center,410.0,8.5,CF_Dim,CF_W,source_column,available,yes,MLB.com Royals fence-change announcement,https://www.mlb.com/news/royals-moving-outfield-walls-at-kauffman-stadium,2026 update. MLB.com says wall height is 8.5 ft in most places; segment heights approximated uniformly at 8.5.
Kauffman Stadium,KC,2026,right_gap,379.0,8.5,RCF_Dim,RC_W,direct_or_fallback_source_column,available,yes,MLB.com Royals fence-change announcement,https://www.mlb.com/news/royals-moving-outfield-walls-at-kauffman-stadium,2026 update. MLB.com says wall height is 8.5 ft in most places; segment heights approximated uniformly at 8.5.
Kauffman Stadium,KC,2026,right_line,344.0,8.5,RF_Dim,RF_W,source_column,available,yes,MLB.com Royals fence-change announcement,https://www.mlb.com/news/royals-moving-outfield-walls-at-kauffman-stadium,2026 update. MLB.com says wall height is 8.5 ft in most places; segment heights approximated uniformly at 8.5.
loanDepot Park,MIA,2025,left_line,344.0,7.0,LF_Dim,LF_W,source_column,available,yes,Seamheads Ballparks Database,https://www.seamheads.com/ballparks/ballpark.php?parkID=MIA02,
loanDepot Park,MIA,2025,left_gap,393.0,14.0,LCF_Dim,LC_W,direct_or_fallback_source_column,available,yes,Seamheads Ballparks Database,https://www.seamheads.com/ballparks/ballpark.php?parkID=MIA02,
loanDepot Park,MIA,2025,center,407.0,20.0,CF_Dim,CF_W,source_column,available,yes,Seamheads Ballparks Database,https://www.seamheads.com/ballparks/ballpark.php?parkID=MIA02,
loanDepot Park,MIA,2025,right_gap,391.0,11.0,RCF_Dim,RC_W,direct_or_fallback_source_column,available,yes,Seamheads Ballparks Database,https://www.seamheads.com/ballparks/ballpark.php?parkID=MIA02,
loanDepot Park,MIA,2025,right_line,335.0,7.0,RF_Dim,RF_W,source_column,available,yes,Seamheads Ballparks Database,https://www.seamheads.com/ballparks/ballpark.php?parkID=MIA02,
Nationals Park,WSH,2025,left_line,336.0,8.0,LF_Dim,LF_W,source_column,available,yes,Seamheads Ballparks Database,https://www.seamheads.com/ballparks/ballpark.php?parkID=WAS11,
Nationals Park,WSH,2025,left_gap,377.0,8.0,LCF_Dim,LC_W,direct_or_fallback_source_column,available,yes,Seamheads Ballparks Database,https://www.seamheads.com/ballparks/ballpark.php?parkID=WAS11,
Nationals Park,WSH,2025,center,402.0,12.0,CF_Dim,CF_W,source_column,available,yes,Seamheads Ballparks Database,https://www.seamheads.com/ballparks/ballpark.php?parkID=WAS11,
Nationals Park,WSH,2025,right_gap,370.0,12.0,RCF_Dim,RC_W,direct_or_fallback_source_column,available,yes,Seamheads Ballparks Database,https://www.seamheads.com/ballparks/ballpark.php?parkID=WAS11,
Nationals Park,WSH,2025,right_line,335.0,12.0,RF_Dim,RF_W,source_column,available,yes,Seamheads Ballparks Database,https://www.seamheads.com/ballparks/ballpark.php?parkID=WAS11,
Oriole Park at Camden Yards,BAL,2025,left_line,333.0,8.0,LF_Dim,LF_W,source_column,available,yes,Seamheads Ballparks Database,https://www.seamheads.com/ballparks/ballpark.php?parkID=BAL12,
Oriole Park at Camden Yards,BAL,2025,left_gap,363.0,7.0,LCF_Dim,LC_W,direct_or_fallback_source_column,available,yes,Seamheads Ballparks Database,https://www.seamheads.com/ballparks/ballpark.php?parkID=BAL12,
Oriole Park at Camden Yards,BAL,2025,center,400.0,7.0,CF_Dim,CF_W,source_column,available,yes,Seamheads Ballparks Database,https://www.seamheads.com/ballparks/ballpark.php?parkID=BAL12,
Oriole Park at Camden Yards,BAL,2025,right_gap,373.0,7.0,RCF_Dim,RC_W,direct_or_fallback_source_column,available,yes,Seamheads Ballparks Database,https://www.seamheads.com/ballparks/ballpark.php?parkID=BAL12,
Oriole Park at Camden Yards,BAL,2025,right_line,318.0,21.0,RF_Dim,RF_W,source_column,available,yes,Seamheads Ballparks Database,https://www.seamheads.com/ballparks/ballpark.php?parkID=BAL12,
Petco Park,SD,2025,left_line,336.0,4.0,LF_Dim,LF_W,source_column,available,yes,Seamheads Ballparks Database,https://www.seamheads.com/ballparks/ballpark.php?parkID=SAN02,
Petco Park,SD,2025,left_gap,390.0,7.5,LCF_Dim,LC_W,direct_or_fallback_source_column,available,yes,Seamheads Ballparks Database,https://www.seamheads.com/ballparks/ballpark.php?parkID=SAN02,
Petco Park,SD,2025,center,396.0,7.0,CF_Dim,CF_W,source_column,available,yes,Seamheads Ballparks Database,https://www.seamheads.com/ballparks/ballpark.php?parkID=SAN02,
Petco Park,SD,2025,right_gap,396.0,10.0,RCF_Dim,RC_W,direct_or_fallback_source_column,available,yes,Seamheads Ballparks Database,https://www.seamheads.com/ballparks/ballpark.php?parkID=SAN02,
Petco Park,SD,2025,right_line,322.0,10.0,RF_Dim,RF_W,source_column,available,yes,Seamheads Ballparks Database,https://www.seamheads.com/ballparks/ballpark.php?parkID=SAN02,
PNC Park,PIT,2025,left_line,325.0,6.0,LF_Dim,LF_W,source_column,available,yes,Seamheads Ballparks Database,https://www.seamheads.com/ballparks/ballpark.php?parkID=PIT08,
PNC Park,PIT,2025,left_gap,395.0,10.0,LCF_Dim,LC_W,direct_or_fallback_source_column,available,yes,Seamheads Ballparks Database,https://www.seamheads.com/ballparks/ballpark.php?parkID=PIT08,
PNC Park,PIT,2025,center,399.0,10.0,CF_Dim,CF_W,source_column,available,yes,Seamheads Ballparks Database,https://www.seamheads.com/ballparks/ballpark.php?parkID=PIT08,
PNC Park,PIT,2025,right_gap,395.0,21.0,RCF_Dim,RC_W,direct_or_fallback_source_column,available,yes,Seamheads Ballparks Database,https://www.seamheads.com/ballparks/ballpark.php?parkID=PIT08,
PNC Park,PIT,2025,right_line,320.0,21.0,RF_Dim,RF_W,source_column,available,yes,Seamheads Ballparks Database,https://www.seamheads.com/ballparks/ballpark.php?parkID=PIT08,
Progressive Field,CLE,2025,left_line,325.0,19.0,LF_Dim,LF_W,source_column,available,yes,Seamheads Ballparks Database,https://www.seamheads.com/ballparks/ballpark.php?parkID=CLE08,
Progressive Field,CLE,2025,left_gap,370.0,19.0,LCF_Dim,LC_W,direct_or_fallback_source_column,available,yes,Seamheads Ballparks Database,https://www.seamheads.com/ballparks/ballpark.php?parkID=CLE08,
Progressive Field,CLE,2025,center,405.0,9.0,CF_Dim,CF_W,source_column,available,yes,Seamheads Ballparks Database,https://www.seamheads.com/ballparks/ballpark.php?parkID=CLE08,
Progressive Field,CLE,2025,right_gap,375.0,9.0,RCF_Dim,RC_W,direct_or_fallback_source_column,available,yes,Seamheads Ballparks Database,https://www.seamheads.com/ballparks/ballpark.php?parkID=CLE08,
Progressive Field,CLE,2025,right_line,325.0,13.0,RF_Dim,RF_W,source_column,available,yes,Seamheads Ballparks Database,https://www.seamheads.com/ballparks/ballpark.php?parkID=CLE08,
Rate Field,CWS,2025,left_line,330.0,8.0,LF_Dim,LF_W,source_column,available,yes,Seamheads Ballparks Database,https://www.seamheads.com/ballparks/ballpark.php?parkID=CHI12,Seamheads page name is Guarantee Rate Park.
Rate Field,CWS,2025,left_gap,377.0,8.0,LCF_Dim,LC_W,direct_or_fallback_source_column,available,yes,Seamheads Ballparks Database,https://www.seamheads.com/ballparks/ballpark.php?parkID=CHI12,Seamheads page name is Guarantee Rate Park.
Rate Field,CWS,2025,center,400.0,8.0,CF_Dim,CF_W,source_column,available,yes,Seamheads Ballparks Database,https://www.seamheads.com/ballparks/ballpark.php?parkID=CHI12,Seamheads page name is Guarantee Rate Park.
Rate Field,CWS,2025,right_gap,372.0,8.0,RCF_Dim,RC_W,direct_or_fallback_source_column,available,yes,Seamheads Ballparks Database,https://www.seamheads.com/ballparks/ballpark.php?parkID=CHI12,Seamheads page name is Guarantee Rate Park.
Rate Field,CWS,2025,right_line,335.0,8.0,RF_Dim,RF_W,source_column,available,yes,Seamheads Ballparks Database,https://www.seamheads.com/ballparks/ballpark.php?parkID=CHI12,Seamheads page name is Guarantee Rate Park.
Rogers Centre,TOR,2025,left_line,328.0,14.0,LF_Dim,LF_W,source_column,available,yes,Seamheads Ballparks Database,https://www.seamheads.com/ballparks/ballpark.php?parkID=TOR02,
Rogers Centre,TOR,2025,left_gap,381.0,11.0,LCF_Dim,LC_W,direct_or_fallback_source_column,available,yes,Seamheads Ballparks Database,https://www.seamheads.com/ballparks/ballpark.php?parkID=TOR02,
Rogers Centre,TOR,2025,center,400.0,8.0,CF_Dim,CF_W,source_column,available,yes,Seamheads Ballparks Database,https://www.seamheads.com/ballparks/ballpark.php?parkID=TOR02,
Rogers Centre,TOR,2025,right_gap,372.0,14.0,RCF_Dim,RC_W,direct_or_fallback_source_column,available,yes,Seamheads Ballparks Database,https://www.seamheads.com/ballparks/ballpark.php?parkID=TOR02,
Rogers Centre,TOR,2025,right_line,328.0,12.0,RF_Dim,RF_W,source_column,available,yes,Seamheads Ballparks Database,https://www.seamheads.com/ballparks/ballpark.php?parkID=TOR02,
Sutter Health Park,ATH,2026,left_line,330.0,8.0,LF_Dim,LF_Wall,direct_dimension_mapping_5zone,confirmed_public_dimension,yes,Baseball Savant Park Factors Dimensions; MLB.com Sutter Health Park guide,https://baseballsavant.mlb.com/leaderboard/statcast-park-factors?type=dimensions ; https://www.mlb.com/news/featured/sutter-health-park-guide-capacity-seating-chart-parking-and-more,"Sutter updated for HR detector: left_line 330/8, left_gap 386/8, center 403/13, right_gap 375/5, right_line 324/13. Center uses official CF 403 ft and 13 ft wall."
Sutter Health Park,ATH,2026,left_gap,386.0,8.0,LC_Dim,LC_Wall,direct_dimension_mapping_5zone,confirmed_public_dimension,yes,Baseball Savant Park Factors Dimensions; MLB.com Sutter Health Park guide,https://baseballsavant.mlb.com/leaderboard/statcast-park-factors?type=dimensions ; https://www.mlb.com/news/featured/sutter-health-park-guide-capacity-seating-chart-parking-and-more,"Sutter updated for HR detector: left_line 330/8, left_gap 386/8, center 403/13, right_gap 375/5, right_line 324/13. Center uses official CF 403 ft and 13 ft wall."
Sutter Health Park,ATH,2026,center,403.0,13.0,CF_Dim,CF_Wall,direct_dimension_mapping_5zone,confirmed_public_dimension,yes,Baseball Savant Park Factors Dimensions; MLB.com Sutter Health Park guide,https://baseballsavant.mlb.com/leaderboard/statcast-park-factors?type=dimensions ; https://www.mlb.com/news/featured/sutter-health-park-guide-capacity-seating-chart-parking-and-more,"Sutter updated for HR detector: left_line 330/8, left_gap 386/8, center 403/13, right_gap 375/5, right_line 324/13. Center uses official CF 403 ft and 13 ft wall."
Sutter Health Park,ATH,2026,right_gap,375.0,5.0,RC_Dim,RC_Wall,direct_dimension_mapping_5zone,confirmed_public_dimension,yes,Baseball Savant Park Factors Dimensions; MLB.com Sutter Health Park guide,https://baseballsavant.mlb.com/leaderboard/statcast-park-factors?type=dimensions ; https://www.mlb.com/news/featured/sutter-health-park-guide-capacity-seating-chart-parking-and-more,"Sutter updated for HR detector: left_line 330/8, left_gap 386/8, center 403/13, right_gap 375/5, right_line 324/13. Center uses official CF 403 ft and 13 ft wall."
Sutter Health Park,ATH,2026,right_line,324.0,13.0,RF_Dim,RF_Wall,direct_dimension_mapping_5zone,confirmed_public_dimension,yes,Baseball Savant Park Factors Dimensions; MLB.com Sutter Health Park guide,https://baseballsavant.mlb.com/leaderboard/statcast-park-factors?type=dimensions ; https://www.mlb.com/news/featured/sutter-health-park-guide-capacity-seating-chart-parking-and-more,"Sutter updated for HR detector: left_line 330/8, left_gap 386/8, center 403/13, right_gap 375/5, right_line 324/13. Center uses official CF 403 ft and 13 ft wall."
T-Mobile Park,SEA,2025,left_line,331.0,8.0,LF_Dim,LF_W,source_column,available,yes,Seamheads Ballparks Database,https://www.seamheads.com/ballparks/ballpark.php?parkID=SEA03,
T-Mobile Park,SEA,2025,left_gap,378.0,8.0,LCF_Dim,LC_W,direct_or_fallback_source_column,available,yes,Seamheads Ballparks Database,https://www.seamheads.com/ballparks/ballpark.php?parkID=SEA03,
T-Mobile Park,SEA,2025,center,401.0,8.0,CF_Dim,CF_W,source_column,available,yes,Seamheads Ballparks Database,https://www.seamheads.com/ballparks/ballpark.php?parkID=SEA03,
T-Mobile Park,SEA,2025,right_gap,381.0,8.0,RCF_Dim,RC_W,direct_or_fallback_source_column,available,yes,Seamheads Ballparks Database,https://www.seamheads.com/ballparks/ballpark.php?parkID=SEA03,
T-Mobile Park,SEA,2025,right_line,326.0,8.0,RF_Dim,RF_W,source_column,available,yes,Seamheads Ballparks Database,https://www.seamheads.com/ballparks/ballpark.php?parkID=SEA03,
Target Field,MIN,2025,left_line,339.0,8.0,LF_Dim,LF_W,source_column,available,yes,Seamheads Ballparks Database,https://www.seamheads.com/ballparks/ballpark.php?parkID=MIN04,
Target Field,MIN,2025,left_gap,384.0,8.0,LCF_Dim,LC_W,direct_or_fallback_source_column,available,yes,Seamheads Ballparks Database,https://www.seamheads.com/ballparks/ballpark.php?parkID=MIN04,
Target Field,MIN,2025,center,404.0,8.0,CF_Dim,CF_W,source_column,available,yes,Seamheads Ballparks Database,https://www.seamheads.com/ballparks/ballpark.php?parkID=MIN04,
Target Field,MIN,2025,right_gap,378.0,23.0,RCF_Dim,RC_W,direct_or_fallback_source_column,available,yes,Seamheads Ballparks Database,https://www.seamheads.com/ballparks/ballpark.php?parkID=MIN04,
Target Field,MIN,2025,right_line,328.0,23.0,RF_Dim,RF_W,source_column,available,yes,Seamheads Ballparks Database,https://www.seamheads.com/ballparks/ballpark.php?parkID=MIN04,
Tropicana Field,TB,2024,left_line,315.0,11.0,LF_Dim,LF_W,source_column,available,yes,Seamheads Ballparks Database,https://www.seamheads.com/ballparks/ballpark.php?parkID=STP01,Latest Seamheads configuration row is 2024; Rays returned to Tropicana Field for 2026.
Tropicana Field,TB,2024,left_gap,370.0,11.0,LFA_Dim,LC_W,direct_or_fallback_source_column,available,yes,Seamheads Ballparks Database,https://www.seamheads.com/ballparks/ballpark.php?parkID=STP01,Latest Seamheads configuration row is 2024; Rays returned to Tropicana Field for 2026.
Tropicana Field,TB,2024,center,404.0,9.0,CF_Dim,CF_W,source_column,available,yes,Seamheads Ballparks Database,https://www.seamheads.com/ballparks/ballpark.php?parkID=STP01,Latest Seamheads configuration row is 2024; Rays returned to Tropicana Field for 2026.
Tropicana Field,TB,2024,right_gap,360.0,11.0,RFA_Dim,RC_W,direct_or_fallback_source_column,available,yes,Seamheads Ballparks Database,https://www.seamheads.com/ballparks/ballpark.php?parkID=STP01,Latest Seamheads configuration row is 2024; Rays returned to Tropicana Field for 2026.
Tropicana Field,TB,2024,right_line,322.0,11.0,RF_Dim,RF_W,source_column,available,yes,Seamheads Ballparks Database,https://www.seamheads.com/ballparks/ballpark.php?parkID=STP01,Latest Seamheads configuration row is 2024; Rays returned to Tropicana Field for 2026.
Truist Park,ATL,2025,left_line,335.0,6.0,LF_Dim,LF_W,source_column,available,yes,Seamheads Ballparks Database,https://www.seamheads.com/ballparks/ballpark.php?parkID=ATL03,LCF/RCF distance unavailable in source; gap uses LFA/RFA.
Truist Park,ATL,2025,left_gap,385.0,8.0,LFA_Dim,LC_W,direct_or_fallback_source_column,available,yes,Seamheads Ballparks Database,https://www.seamheads.com/ballparks/ballpark.php?parkID=ATL03,LCF/RCF distance unavailable in source; gap uses LFA/RFA.
Truist Park,ATL,2025,center,400.0,8.0,CF_Dim,CF_W,source_column,available,yes,Seamheads Ballparks Database,https://www.seamheads.com/ballparks/ballpark.php?parkID=ATL03,LCF/RCF distance unavailable in source; gap uses LFA/RFA.
Truist Park,ATL,2025,right_gap,375.0,8.0,RFA_Dim,RC_W,direct_or_fallback_source_column,available,yes,Seamheads Ballparks Database,https://www.seamheads.com/ballparks/ballpark.php?parkID=ATL03,LCF/RCF distance unavailable in source; gap uses LFA/RFA.
Truist Park,ATL,2025,right_line,325.0,16.0,RF_Dim,RF_W,source_column,available,yes,Seamheads Ballparks Database,https://www.seamheads.com/ballparks/ballpark.php?parkID=ATL03,LCF/RCF distance unavailable in source; gap uses LFA/RFA.
Wrigley Field,CHC,2025,left_line,355.0,16.0,LF_Dim,LF_W,source_column,available,yes,Seamheads Ballparks Database,https://www.seamheads.com/ballparks/ballpark.php?parkID=CHI11,
Wrigley Field,CHC,2025,left_gap,363.0,11.0,LCF_Dim,LC_W,direct_or_fallback_source_column,available,yes,Seamheads Ballparks Database,https://www.seamheads.com/ballparks/ballpark.php?parkID=CHI11,
Wrigley Field,CHC,2025,center,400.0,11.0,CF_Dim,CF_W,source_column,available,yes,Seamheads Ballparks Database,https://www.seamheads.com/ballparks/ballpark.php?parkID=CHI11,
Wrigley Field,CHC,2025,right_gap,381.0,11.0,RCF_Dim,RC_W,direct_or_fallback_source_column,available,yes,Seamheads Ballparks Database,https://www.seamheads.com/ballparks/ballpark.php?parkID=CHI11,
Wrigley Field,CHC,2025,right_line,353.0,16.0,RF_Dim,RF_W,source_column,available,yes,Seamheads Ballparks Database,https://www.seamheads.com/ballparks/ballpark.php?parkID=CHI11,
Yankee Stadium,NYY,2025,left_line,318.0,8.0,LF_Dim,LF_W,source_column,available,yes,Seamheads Ballparks Database,https://www.seamheads.com/ballparks/ballpark.php?parkID=NYC21,
Yankee Stadium,NYY,2025,left_gap,399.0,8.0,LCF_Dim,LC_W,direct_or_fallback_source_column,available,yes,Seamheads Ballparks Database,https://www.seamheads.com/ballparks/ballpark.php?parkID=NYC21,
Yankee Stadium,NYY,2025,center,408.0,8.0,CF_Dim,CF_W,source_column,available,yes,Seamheads Ballparks Database,https://www.seamheads.com/ballparks/ballpark.php?parkID=NYC21,
Yankee Stadium,NYY,2025,right_gap,385.0,8.0,RCF_Dim,RC_W,direct_or_fallback_source_column,available,yes,Seamheads Ballparks Database,https://www.seamheads.com/ballparks/ballpark.php?parkID=NYC21,
Yankee Stadium,NYY,2025,right_line,314.0,8.0,RF_Dim,RF_W,source_column,available,yes,Seamheads Ballparks Database,https://www.seamheads.com/ballparks/ballpark.php?parkID=NYC21,
